<?xml version="1.0" encoding="utf-8"?>
<ArrayOfSession xmlns:xsi="http://www.w3.org/2001/XMLSchema-instance" xmlns:xsd="http://www.w3.org/2001/XMLSchema">
  <Session Id="0">
    <TimeZoneOffset>-08:00:00</TimeZoneOffset>
    <Interval>
      <Start>2014-09-11T14:13:34.0966796-08:00</Start>
      <End>2014-09-14T09:01:31.0722656-08:00</End>
    </Interval>
    <StartLocalTimeString>2014-09-11 14:13:34.096</StartLocalTimeString>
    <EndLocalTimeString>2014-09-14 09:01:31.072</EndLocalTimeString>
    <ExperimentFileName>MariaNalberczak2DOORopen.experiment</ExperimentFileName>
    <VisitMode>Mode2</VisitMode>
    <VisitDurationLimit>10</VisitDurationLimit>
    <DiagnosticMode>true</DiagnosticMode>
    <SoftwareVersion>2.14.5.0</SoftwareVersion>
    <Hardware>
      <SerialPort>
        <PortName>COM3</PortName>
        <BaudRate>115200</BaudRate>
        <ReadBufferSize>4096</ReadBufferSize>
        <WriteBufferSize>4096</WriteBufferSize>
      </SerialPort>
      <CanDevice>
        <VciObjectId>0</VciObjectId>
        <DeviceClass>00000000-0000-0000-0000-000000000000</DeviceClass>
      </CanDevice>
    </Hardware>
  </Session>
</ArrayOfSession>